direction,start time,end time,pack time,pack num,pack chars,assistant num
recv,1678796216.1361578,1678796216.1661289,0.02997112274169922,1,447,20000002
