record time,gener time,old,new,odas,back nodes and time,up nodes and time
1678796211.3322675,1678796195.8907535,1308,13971,3045.219320993818,,"[['50000035', 0, 1678796195.939988], ['40000006', 103, 1678796202.037346], ['30000004', 100, 1678796211.2561328], ['20000003', 100, 1678796211.3322675]]"
1678796212.3344066,1678796195.9735913,2430,17044,3831.4129810280815,,"[['50000036', 0, 1678796196.046219], ['40000006', 100, 1678796209.1371927], ['30000004', 100, 1678796212.2722974], ['20000003', 100, 1678796212.3344066]]"
1678796216.6180015,,2430,20975,5002.072764444433,"{'did': '10000001', 'class': '0', 'param': {'up': [['50000014', 0, 1678796195.4950244], ['40000002', 117, 1678796197.9533486], ['30000002', 122, 1678796212.4405925], ['20000002', 126, 1678796216.0137968], ['10000001', 100, 1678796216.244921]], 'generTime': 1678796195.479065}, 'type': 'back', 'target': '50000014', 'time': 1678796216.244921, 'similar': 0.9475252557110587}","[['10000001', 0, 1678796216.4934666], ['20000003', 100, 1678796216.6180015]]"
