direction,start time,end time,pack time,pack num,pack chars,assistant num
recv,1678796211.1446195,1678796211.2054305,0.06081104278564453,1,339,30000001
