direction,start time,end time,pack time,pack num,pack chars,assistant num
recv,1678796207.8091607,1678796207.8979242,0.08876347541809082,1,377,30000003
send,1678796212.576993,1678796215.9808035,3.403810501098633,1,447,['10000001']
