direction,start time,end time,pack time,pack num,pack chars,assistant num
send,1678796197.053014,1678796201.2696087,4.216594696044922,1,377,['20000002']
