direction,start time,end time,pack time,pack num,pack chars,assistant num
send,1678796200.316599,1678796210.034502,9.717903137207031,1,339,['20000001']
