record time,gener time,old,new,odas,back nodes and time,up nodes and time
1678796198.6516864,1678796195.8305733,0,9874,1241.9674926347293,"[['40000006', 0, 1678796198.3477547], ['50000040', 152, 1678796198.6516864]]","[['50000040', 0, 1678796195.8767931], ['40000006', 152, 1678796196.5777478]]"
1678796201.6876934,1678796195.8767931,0,11365,1777.7562589992122,"[['40000006', 0, 1678796201.594647], ['50000040', 152, 1678796201.6876934]]","[['50000040', 0, 1678796195.922784], ['40000006', 152, 1678796197.2475367]]"
1678796205.7206278,1678796195.922784,0,12507,1974.1948640674646,"[['40000006', 0, 1678796205.6558373], ['50000040', 152, 1678796205.7206278]]","[['50000040', 0, 1678796195.9745882], ['40000006', 152, 1678796200.5676548]]"
1678796212.1955562,1678796195.7864833,0,13915,2678.1876874945674,"[['30000004', 0, 1678796196.8053741], ['40000006', 100, 1678796212.1187267], ['50000040', 152, 1678796212.1955562]]","[['50000040', 0, 1678796195.8487637], ['40000006', 152, 1678796196.73146], ['30000004', 100, 1678796196.7752337]]"
