record time,gener time,old,new,odas,back nodes and time,up nodes and time
1678796196.9760144,1678796195.755154,0,12062,836.1245098645767,"[['40000006', 0, 1678796196.9246106], ['50000036', 100, 1678796196.9760144]]","[['50000036', 0, 1678796195.8477662], ['40000006', 100, 1678796196.2727156]]"
1678796200.630487,1678796195.8315704,0,13557,1016.2737509672668,"[['40000006', 0, 1678796200.4751968], ['50000036', 100, 1678796200.630487]]","[['50000036', 0, 1678796195.906765], ['40000006', 100, 1678796196.899519]]"
1678796205.0440938,1678796195.90418,0,15054,1643.7765291906835,"[['40000006', 0, 1678796204.0073574], ['50000036', 100, 1678796205.0440938]]","[['50000036', 0, 1678796195.9696019], ['40000006', 100, 1678796199.0931396]]"
1678796213.3234625,1678796195.9735913,0,17095,2041.1721372824024,"[['20000003', 0, 1678796212.346841], ['30000004', 100, 1678796212.8257377], ['40000006', 100, 1678796213.0887926], ['50000036', 100, 1678796213.3234625]]","[['50000036', 0, 1678796196.046219], ['40000006', 100, 1678796209.1371927], ['30000004', 100, 1678796212.2722974], ['20000003', 100, 1678796212.3344066]]"
