record time,gener time,old,new,odas,back nodes and time,up nodes and time
1678796195.971596,1678796195.3853161,0,13060,1050.0307453567602,"[['40000002', 0, 1678796195.905748], ['50000010', 109, 1678796195.971596]]","[['50000010', 0, 1678796195.4042654], ['40000002', 109, 1678796195.6144342]]"
1678796206.7924874,1678796195.5555923,0,15261,1705.6453689483692,"[['40000002', 0, 1678796206.271441], ['50000010', 109, 1678796206.7924874]]","[['50000010', 0, 1678796195.589501], ['40000002', 109, 1678796201.4880269]]"
1678796212.823742,1678796195.5705519,0,16667,1780.9355110773968,"[['30000002', 0, 1678796212.349849], ['40000002', 122, 1678796212.5630271], ['50000010', 109, 1678796212.823742]]","[['50000019', 0, 1678796195.6154325], ['40000003', 100, 1678796197.3382523], ['30000002', 118, 1678796211.388368]]"
1678796232.2950947,1678796195.4950244,0,18349,2361.0713916640907,"[['20000002', 0, 1678796216.307754], ['30000002', 126, 1678796232.1561816], ['40000002', 122, 1678796232.246089], ['50000010', 109, 1678796232.2950947]]","[['50000010', 0, 1678796195.5117095], ['40000002', 109, 1678796199.5189364], ['30000002', 122, 1678796215.0088136], ['20000002', 126, 1678796216.1671305]]"
1678796233.138641,1678796195.649341,0,20031,3087.534333767836,"[['20000002', 0, 1678796208.5590696], ['30000002', 126, 1678796233.0177438], ['40000002', 122, 1678796233.1107311], ['50000010', 109, 1678796233.138641]]","[['50000022', 0, 1678796195.7242212], ['40000004', 109, 1678796196.8656092], ['30000003', 100, 1678796207.6137104], ['20000002', 100, 1678796208.0401847]]"
1678796233.5530767,1678796195.7242212,0,21713,3460.9495237954834,"[['20000002', 0, 1678796212.0917783], ['30000002', 126, 1678796233.4029899], ['40000002', 122, 1678796233.4925401], ['50000010', 109, 1678796233.5530767]]","[['50000027', 0, 1678796195.7827003], ['40000005', 113, 1678796201.9450157], ['30000003', 146, 1678796211.9065719], ['20000002', 100, 1678796212.076819]]"
