record time,gener time,old,new,odas,back nodes and time,up nodes and time
1678796196.5041647,1678796195.6792612,0,14239,1450.2764322292987,"[['40000005', 0, 1678796196.438341], ['50000032', 129, 1678796196.5041647]]","[['50000032', 0, 1678796195.692537], ['40000005', 129, 1678796196.0022066]]"
1678796201.5644388,1678796195.7561505,0,16440,2308.6010798580483,"[['40000005', 0, 1678796201.1788511], ['50000032', 129, 1678796201.5644388]]","[['50000032', 0, 1678796195.783458], ['40000005', 129, 1678796196.7450516]]"
1678796205.6877515,1678796195.7864833,0,17574,2522.656224675771,"[['40000005', 0, 1678796204.3316462], ['50000032', 129, 1678796205.6877515]]","[['50000032', 0, 1678796195.8153415], ['40000005', 129, 1678796197.985264]]"
