record time,gener time,old,new,odas,back nodes and time,up nodes and time
1678796196.746048,1678796195.663303,0,15341,1094.6689501882997,"[['40000005', 0, 1678796196.6972456], ['50000030', 103, 1678796196.746048]]","[['50000030', 0, 1678796195.6955278], ['40000005', 103, 1678796196.093093]]"
1678796196.9596767,1678796195.6945298,0,16834,1268.9200046410906,"[['40000005', 0, 1678796196.9127433], ['50000030', 103, 1678796196.9596767]]","[['50000030', 0, 1678796195.7427824], ['40000005', 103, 1678796196.182955]]"
1678796203.645328,1678796195.7407844,0,18341,1353.3665228362775,"[['40000005', 0, 1678796203.1707428], ['50000030', 103, 1678796203.645328]]","[['50000030', 0, 1678796195.7827003], ['40000005', 103, 1678796197.0052845]]"
1678796209.8681407,1678796195.8325667,0,19842,1627.3140401370724,"[['40000005', 0, 1678796209.5638669], ['50000030', 103, 1678796209.8681407]]","[['50000030', 0, 1678796195.8618314], ['40000005', 103, 1678796203.8657362]]"
