record time,gener time,old,new,odas,back nodes and time,up nodes and time
1678796195.7744524,1678796195.2182603,0,9784,404.5424439278609,"[['40000001', 0, 1678796195.7397568], ['50000003', 100, 1678796195.7744524]]","[['50000003', 0, 1678796195.279563], ['40000001', 100, 1678796195.5107112]]"
1678796196.3655355,1678796195.2626097,0,11633,740.3698968706901,"[['40000001', 0, 1678796196.3036327], ['50000003', 100, 1678796196.3645353]]","[['50000003', 0, 1678796195.324471], ['40000001', 100, 1678796195.7387595]]"
1678796198.3477547,1678796195.3583925,0,13485,1402.0504572599555,"[['40000001', 0, 1678796198.1605487], ['50000003', 100, 1678796198.3477547]]","[['50000003', 0, 1678796195.416233], ['40000001', 100, 1678796196.4722495]]"
1678796201.008484,1678796195.4042654,0,14615,1795.096472892528,"[['40000001', 0, 1678796200.8648694], ['50000003', 100, 1678796201.008484]]","[['50000003', 0, 1678796195.464108], ['40000001', 100, 1678796197.034064]]"
1678796211.7128303,1678796195.3095129,0,16025,2189.2288210164356,"[['30000001', 0, 1678796196.8183982], ['40000001', 100, 1678796211.664683], ['50000003', 100, 1678796211.7128303]]","[['50000003', 0, 1678796195.371319], ['40000001', 100, 1678796196.7762318], ['30000001', 100, 1678796196.8053741]]"
