record time,gener time,old,new,odas,back nodes and time,up nodes and time
1678796195.9869435,1678796195.6935332,0,15628,831.626900974931,"[['40000006', 0, 1678796195.9545755], ['50000034', 113, 1678796195.9869435]]","[['50000034', 0, 1678796195.7397568], ['40000006', 113, 1678796195.8917518]]"
1678796198.3028748,1678796195.8017237,0,18189,1308.8412512508144,"[['40000006', 0, 1678796197.6091816], ['50000034', 113, 1678796198.3028748]]","[['50000034', 0, 1678796195.8618314], ['40000006', 113, 1678796196.4552956]]"
1678796211.1495702,1678796195.7262151,0,19605,1681.3274520117861,"[['30000004', 0, 1678796196.0741446], ['40000006', 100, 1678796211.0368626], ['50000034', 113, 1678796211.1495702]]","[['50000034', 0, 1678796195.7724588], ['40000006', 113, 1678796195.9859462], ['30000004', 100, 1678796196.0472155]]"
1678796211.694604,1678796195.7679832,0,21017,2277.7759565391243,"[['30000004', 0, 1678796196.44233], ['40000006', 100, 1678796211.6337674], ['50000034', 113, 1678796211.694604]]","[['50000034', 0, 1678796195.8193088], ['40000006', 113, 1678796196.3785076], ['30000004', 100, 1678796196.4084225]]"
1678796212.2722974,1678796195.8487637,0,22427,2815.6796159424275,"[['30000004', 0, 1678796202.701248], ['40000006', 100, 1678796212.2084687], ['50000034', 113, 1678796212.2722974]]","[['50000034', 0, 1678796195.9237804], ['40000006', 113, 1678796200.706307], ['30000004', 100, 1678796202.3166382]]"
1678796212.5640283,1678796195.8927493,0,23833,3407.486996702314,"[['30000004', 0, 1678796211.617808], ['40000006', 100, 1678796212.5288098], ['50000034', 113, 1678796212.5640283]]","[['50000034', 0, 1678796195.9686062], ['40000006', 113, 1678796204.29973], ['30000004', 100, 1678796211.5739257]]"
