record time,gener time,old,new,odas,back nodes and time,up nodes and time
1678796195.4361806,1678796195.2955215,0,8528,912.9920541006252,"[['40000002', 0, 1678796195.4032686], ['50000008', 144, 1678796195.4361806]]","[['50000008', 0, 1678796195.3115044], ['40000002', 144, 1678796195.388307]]"
1678796195.7417853,1678796195.3423963,0,15270,1690.205683154436,"[['40000002', 0, 1678796195.6755354], ['50000008', 144, 1678796195.7417853]]","[['50000008', 0, 1678796195.3573925], ['40000002', 144, 1678796195.5396442]]"
1678796199.389568,1678796195.4341865,0,17110,2231.7494665323657,"[['40000002', 0, 1678796198.6506894], ['50000008', 144, 1678796199.389568]]","[['50000008', 0, 1678796195.509714], ['40000002', 144, 1678796196.609662]]"
1678796204.834914,1678796195.4770703,0,18252,2547.381293360412,"[['40000002', 0, 1678796204.3954763], ['50000008', 144, 1678796204.834914]]","[['50000008', 0, 1678796195.554595], ['40000002', 144, 1678796198.7743986]]"
