record time,gener time,old,new,odas,back nodes and time,up nodes and time
1678796196.5487604,1678796195.3873098,0,13676,969.7021299941648,"[['40000002', 0, 1678796196.4872105], ['50000013', 105, 1678796196.5487604]]","[['50000013', 0, 1678796195.4361806], ['40000002', 105, 1678796195.845774]]"
1678796197.1118567,1678796195.4521372,0,14820,1316.5514069980286,"[['40000002', 0, 1678796197.016317], ['50000013', 105, 1678796197.1118567]]","[['50000013', 0, 1678796195.4800622], ['40000002', 105, 1678796196.2607844]]"
1678796207.5349212,1678796195.58651,0,17496,2221.388995303799,"[['40000002', 0, 1678796207.045564], ['50000013', 105, 1678796207.5349212]]","[['50000013', 0, 1678796195.6154325], ['40000002', 105, 1678796202.9346242]]"
1678796207.8091607,1678796195.6503386,0,17810,2303.0899736871943,"[['40000002', 0, 1678796207.2380488], ['50000013', 105, 1678796207.8091607]]","[['50000013', 0, 1678796195.663303], ['40000002', 105, 1678796204.0263078]]"
1678796233.382563,1678796195.5256717,0,19482,2731.4512563384924,"[['20000002', 0, 1678796218.5620637], ['30000002', 126, 1678796233.1536145], ['40000002', 122, 1678796233.290152], ['50000013', 105, 1678796233.382143]]","[['50000013', 0, 1678796195.556591], ['40000002', 105, 1678796202.9376564], ['30000002', 122, 1678796218.4714136], ['20000002', 126, 1678796218.549344]]"
