record time,gener time,old,new,odas,back nodes and time,up nodes and time
1678796195.3434322,1678796195.185509,0,8854,662.0351559429465,"[['40000001', 0, 1678796195.293562], ['50000002', 101, 1678796195.3434322]]","[['50000002', 0, 1678796195.200715], ['40000001', 101, 1678796195.2785666]]"
1678796195.4202228,1678796195.2173154,0,10233,1023.7528638972499,"[['40000001', 0, 1678796195.3853161], ['50000002', 101, 1678796195.4202228]]","[['50000002', 0, 1678796195.232916], ['40000001', 101, 1678796195.356358]]"
1678796195.9257755,1678796195.2785666,0,11714,1191.0781915820962,"[['40000001', 0, 1678796195.8887599], ['50000002', 101, 1678796195.9257755]]","[['50000002', 0, 1678796195.293562], ['40000001', 101, 1678796195.58651]]"
1678796196.7610078,1678796195.3124757,0,13207,1448.2031626178727,"[['40000001', 0, 1678796196.73146], ['50000002', 101, 1678796196.7610078]]","[['50000002', 0, 1678796195.356358], ['40000001', 101, 1678796195.9077666]]"
1678796208.7954018,1678796195.247649,0,14623,1645.851903017483,"[['30000001', 0, 1678796195.6613116], ['40000001', 100, 1678796207.9288893], ['50000002', 101, 1678796208.7954018]]","[['50000002', 0, 1678796195.2616107], ['40000001', 101, 1678796195.5416298], ['30000001', 100, 1678796195.6313899]]"
