record time,gener time,old,new,odas,back nodes and time,up nodes and time
1678796195.5535982,1678796195.1875017,0,8595,916.6317904896853,"[['40000001', 0, 1678796195.5117095], ['50000001', 109, 1678796195.5535982]]","[['50000001', 0, 1678796195.247649], ['40000001', 109, 1678796195.4341865]]"
1678796210.8416505,1678796195.232916,0,11061,1235.0716352932923,"[['30000001', 0, 1678796195.8737996], ['40000001', 100, 1678796210.574781], ['50000001', 109, 1678796210.8416505]]","[['50000001', 0, 1678796195.294524], ['40000001', 109, 1678796195.7724588], ['30000001', 100, 1678796195.844775]]"
1678796211.878631,1678796195.3264394,0,12465,1724.59913317982,"[['30000001', 0, 1678796197.0520184], ['40000001', 100, 1678796211.8150742], ['50000001', 109, 1678796211.878631]]","[['50000001', 0, 1678796195.3723164], ['40000001', 109, 1678796196.956685], ['30000001', 100, 1678796197.020888]]"
1678796212.031941,1678796195.279563,0,13877,2164.813270821559,"[['30000001', 0, 1678796196.5021706], ['40000001', 100, 1678796212.0013015], ['50000001', 109, 1678796212.031941]]","[['50000001', 0, 1678796195.3264394], ['40000001', 109, 1678796196.3505065], ['30000001', 100, 1678796196.4862123]]"
1678796214.9470084,1678796195.3723164,0,15561,2986.1313656257225,"[['20000001', 0, 1678796211.3938136], ['30000001', 102, 1678796212.5779903], ['40000001', 100, 1678796214.524056], ['50000001', 109, 1678796214.9470084]]","[['50000001', 0, 1678796195.4341865], ['40000001', 109, 1678796199.8131506], ['30000001', 100, 1678796211.0877295], ['20000001', 102, 1678796211.3611908]]"
