record time,gener time,old,new,odas,back nodes and time,up nodes and time
1678796196.1669967,1678796195.3583925,0,15589,977.1543313197069,"[['40000002', 0, 1678796196.1031017], ['50000012', 100, 1678796196.1669967]]","[['50000012', 0, 1678796195.416233], ['40000002', 100, 1678796195.6915383]]"
1678796200.6334784,1678796195.4651082,0,17447,1159.1598202690448,"[['40000002', 0, 1678796200.428301], ['50000012', 100, 1678796200.6334784]]","[['50000012', 0, 1678796195.5079873], ['40000002', 100, 1678796196.8213909]]"
1678796207.0485544,1678796195.5715487,0,18952,1319.8115997106,"[['40000002', 0, 1678796206.4469993], ['50000012', 100, 1678796207.0485544]]","[['50000012', 0, 1678796195.602469], ['40000002', 100, 1678796202.2537708]]"
1678796208.2795477,1678796195.6174278,0,20094,1637.4208352481917,"[['40000002', 0, 1678796207.8061688], ['50000012', 100, 1678796208.2795477]]","[['50000012', 0, 1678796195.663303], ['40000002', 100, 1678796205.6249034]]"
1678796209.8671455,1678796195.5082092,0,21510,1708.954342242486,"[['30000002', 0, 1678796196.851585], ['40000002', 122, 1678796209.832271], ['50000012', 100, 1678796209.8671455]]","[['50000021', 0, 1678796195.5256717], ['40000003', 117, 1678796196.3335528], ['30000002', 118, 1678796196.6540563]]"
1678796210.51184,1678796195.509714,0,22916,2059.1952153079123,"[['30000002', 0, 1678796197.3741555], ['40000002', 122, 1678796210.225086], ['50000012', 100, 1678796210.51184]]","[['50000019', 0, 1678796195.557587], ['40000003', 100, 1678796196.485215], ['30000002', 118, 1678796196.7911913]]"
1678796216.0434065,1678796195.5885067,0,24328,2339.6095525336846,"[['30000002', 0, 1678796214.5220952], ['40000002', 122, 1678796215.65247], ['50000012', 100, 1678796216.0434065]]","[['50000018', 0, 1678796195.6623065], ['40000003', 101, 1678796199.4832888], ['30000002', 118, 1678796211.9383922]]"
