record time,gener time,old,new,odas,back nodes and time,up nodes and time
1678796195.970599,1678796195.6463487,0,11300,490.46066727439074,"[['40000005', 0, 1678796195.8927493], ['50000031', 113, 1678796195.970599]]","[['50000031', 0, 1678796195.649341], ['40000005', 113, 1678796195.8193088]]"
1678796198.255003,1678796195.6935332,0,13156,1134.897683030692,"[['40000005', 0, 1678796197.404075], ['50000031', 113, 1678796198.255003]]","[['50000031', 0, 1678796195.7387595], ['40000005', 113, 1678796196.2747095]]"
1678796209.6606438,1678796195.7864833,0,14653,1636.0354535395688,"[['40000005', 0, 1678796209.2110655], ['50000031', 113, 1678796209.6606438]]","[['50000031', 0, 1678796195.844775], ['40000005', 113, 1678796202.9366188]]"
