record time,gener time,old,new,odas,back nodes and time,up nodes and time
1678796199.515946,1678796195.7754502,0,15040,1682.8971672180676,"[['40000004', 0, 1678796199.2468913], ['50000022', 109, 1678796199.515946]]","[['50000022', 0, 1678796195.8477662], ['40000004', 109, 1678796196.73146]]"
1678796201.8083732,1678796195.5256717,0,16448,1876.0540268126326,"[['30000003', 0, 1678796195.8173108], ['40000004', 100, 1678796201.5326698], ['50000022', 109, 1678796201.8083732]]","[['50000022', 0, 1678796195.58651], ['40000004', 109, 1678796195.7724588], ['30000003', 100, 1678796195.8037162]]"
1678796207.6475928,1678796195.58651,0,17834,2029.008968973076,"[['30000003', 0, 1678796196.3016393], ['40000004', 100, 1678796206.633897], ['50000022', 109, 1678796207.6475928]]","[['50000022', 0, 1678796195.6603112], ['40000004', 109, 1678796196.2567604], ['30000003', 100, 1678796196.28967]]"
1678796218.534826,1678796195.710915,0,19514,2251.267366030998,"[['20000002', 0, 1678796211.404008], ['30000003', 100, 1678796218.4225605], ['40000004', 100, 1678796218.4839675], ['50000022', 109, 1678796218.534826]]","[['50000022', 0, 1678796195.8027186], ['40000004', 109, 1678796197.8576043], ['30000003', 100, 1678796211.0847366], ['20000002', 100, 1678796211.3928158]]"
