record time,gener time,old,new,odas,back nodes and time,up nodes and time
1678796195.8183486,1678796195.692537,0,5870,746.373451288305,"[['40000006', 0, 1678796195.7541533], ['50000033', 129, 1678796195.8183486]]","[['50000033', 0, 1678796195.7079237], ['40000006', 129, 1678796195.7407844]]"
1678796211.3918154,1678796195.7561505,0,16467,2075.803751920201,"[['30000004', 0, 1678796196.7000434], ['40000006', 100, 1678796211.316311], ['50000033', 129, 1678796211.3918154]]","[['50000033', 0, 1678796195.828599], ['40000006', 129, 1678796196.5617902], ['30000004', 100, 1678796196.6859396]]"
1678796211.7585845,1678796195.8223007,0,17871,2571.1643985396645,"[['30000004', 0, 1678796200.8638728], ['40000006', 100, 1678796211.7394242], ['50000033', 129, 1678796211.7575881]]","[['50000033', 0, 1678796195.8917518], ['40000006', 129, 1678796199.359615], ['30000004', 100, 1678796200.428301]]"
1678796212.5464025,1678796195.8927493,0,19271,2869.0811058945387,"[['30000004', 0, 1678796211.4827747], ['40000006', 100, 1678796212.4988115], ['50000033', 129, 1678796212.5464025]]","[['50000033', 0, 1678796195.9545755], ['40000006', 129, 1678796202.745132], ['30000004', 100, 1678796211.39081]]"
1678796216.0444043,1678796195.95657,0,20675,3009.9753232586413,"[['30000004', 0, 1678796212.2274187], ['40000005', 187, 1678796215.8399947], ['50000033', 152, 1678796216.0444043]]","[['50000033', 0, 1678796196.0165071], ['40000006', 129, 1678796208.8592334], ['30000004', 100, 1678796212.213456]]"
