record time,gener time,old,new,odas,back nodes and time,up nodes and time
1678796197.3751733,1678796195.3115044,0,11826,1079.2941148170864,"[['40000001', 0, 1678796197.1128538], ['50000004', 105, 1678796197.3751733]]","[['50000004', 0, 1678796195.3723164], ['40000001', 105, 1678796196.2567604]]"
1678796204.2797842,1678796195.437178,0,13674,1329.5721056864932,"[['40000001', 0, 1678796203.5505795], ['50000004', 105, 1678796204.2797842]]","[['50000004', 0, 1678796195.497018], ['40000001', 105, 1678796198.8860598]]"
1678796211.4395227,1678796195.247649,0,15086,1685.726821034198,"[['30000001', 0, 1678796196.0731733], ['40000001', 100, 1678796211.4206676], ['50000004', 105, 1678796211.4395227]]","[['50000004', 0, 1678796195.3104813], ['40000001', 105, 1678796195.9237804], ['30000001', 100, 1678796196.0611808]]"
1678796214.3647625,1678796195.371319,0,16750,2427.3430916085335,"[['20000001', 0, 1678796211.2255], ['30000001', 102, 1678796212.4376013], ['40000001', 100, 1678796214.2699347], ['50000004', 105, 1678796214.3647625]]","[['50000004', 0, 1678796195.4341865], ['40000001', 105, 1678796199.07323], ['30000001', 100, 1678796210.960393], ['20000001', 102, 1678796211.2104175]]"
1678796215.5118165,1678796195.4950244,0,18420,3053.9397771965932,"[['20000001', 0, 1678796212.2284153], ['30000001', 102, 1678796213.0898066], ['40000001', 100, 1678796215.1381137], ['50000004', 105, 1678796215.5118165]]","[['50000004', 0, 1678796195.556591], ['40000001', 105, 1678796205.213617], ['30000001', 100, 1678796211.9403865], ['20000001', 102, 1678796212.197497]]"
