record time,gener time,old,new,odas,back nodes and time,up nodes and time
1678796196.4094183,1678796195.7864833,0,9670,1203.8531238426494,"[['40000006', 0, 1678796196.33156], ['50000039', 129, 1678796196.4094183]]","[['50000039', 0, 1678796195.7997284], ['40000006', 129, 1678796196.046219]]"
1678796209.8681407,1678796195.972594,0,12226,1685.967589936488,"[['40000006', 0, 1678796209.7524884], ['50000039', 129, 1678796209.8681407]]","[['50000039', 0, 1678796196.0452223], ['40000006', 129, 1678796203.391153]]"
1678796210.9025476,1678796196.033283,0,13368,2129.4017941164034,"[['40000006', 0, 1678796210.8665826], ['50000039', 129, 1678796210.9025476]]","[['50000039', 0, 1678796196.1210191], ['40000006', 129, 1678796206.9830458]]"
1678796211.55697,1678796195.8467703,0,14784,2320.345750379693,"[['30000004', 0, 1678796198.7264874], ['40000006', 100, 1678796211.4847708], ['50000039', 129, 1678796211.55697]]","[['50000039', 0, 1678796195.8767931], ['40000006', 129, 1678796197.699991], ['30000004', 100, 1678796198.1426325]]"
