record time,gener time,old,new,odas,back nodes and time,up nodes and time
1678796195.95657,1678796195.4661,0,13277,942.331480747162,"[['40000003', 0, 1678796195.8747978], ['50000018', 101, 1678796195.95657]]","[['50000018', 0, 1678796195.4820566], ['40000003', 101, 1678796195.6935332]]"
1678796197.513435,1678796195.5266697,0,15134,1492.190438985996,"[['40000003', 0, 1678796197.1397831], ['50000018', 101, 1678796197.513435]]","[['50000018', 0, 1678796195.6014707], ['40000003', 101, 1678796196.4084225]]"
1678796206.5391257,1678796195.710915,0,16978,1780.915137600833,"[['40000003', 0, 1678796205.072994], ['50000018', 101, 1678796206.5391257]]","[['50000018', 0, 1678796195.783458], ['40000003', 101, 1678796199.2797735]]"
1678796215.463244,1678796195.7387595,0,18392,2241.9791777626115,"[['30000003', 0, 1678796212.3631878], ['40000003', 140, 1678796215.231865], ['50000018', 101, 1678796215.463244]]","[['50000031', 0, 1678796195.8017237], ['40000005', 113, 1678796204.0243142], ['30000003', 146, 1678796211.7108357]]"
1678796233.6505563,1678796195.649341,0,20066,2434.648041076246,"[['20000002', 0, 1678796217.4606395], ['30000002', 126, 1678796233.5100012], ['40000003', 118, 1678796233.6161513], ['50000018', 101, 1678796233.6495593]]","[['50000018', 0, 1678796195.723224], ['40000003', 101, 1678796200.70729], ['30000002', 118, 1678796217.1484406], ['20000002', 126, 1678796217.4327073]]"
