record time,gener time,old,new,odas,back nodes and time,up nodes and time
1678796195.889757,1678796195.7099183,0,9687,686.8461258196238,"[['40000006', 0, 1678796195.8487637], ['50000035', 103, 1678796195.889757]]","[['50000035', 0, 1678796195.722227], ['40000006', 103, 1678796195.8173108]]"
1678796196.212876,1678796195.7541533,0,13314,977.3384467319902,"[['40000006', 0, 1678796196.1659997], ['50000035', 103, 1678796196.212876]]","[['50000035', 0, 1678796195.7694623], ['40000006', 103, 1678796195.971596]]"
1678796196.7159548,1678796195.8037162,0,15168,1469.9088895137168,"[['40000006', 0, 1678796196.698975], ['50000035', 103, 1678796196.7159548]]","[['50000035', 0, 1678796195.8467703], ['40000006', 103, 1678796196.1979148]]"
1678796199.3616123,1678796195.8477662,0,16673,1515.501715970652,"[['40000006', 0, 1678796199.043274], ['50000035', 103, 1678796199.3616123]]","[['50000035', 0, 1678796195.8907535], ['40000006', 103, 1678796196.7450516]]"
1678796213.5445642,1678796195.8907535,0,18349,1671.4502838899527,"[['20000003', 0, 1678796211.3442373], ['30000004', 100, 1678796212.684116], ['40000006', 100, 1678796212.9314537], ['50000035', 103, 1678796213.5445642]]","[['50000035', 0, 1678796195.939988], ['40000006', 103, 1678796202.037346], ['30000004', 100, 1678796211.2561328], ['20000003', 100, 1678796211.3322675]]"
