record time,gener time,old,new,odas,back nodes and time,up nodes and time
1678796195.5695553,1678796195.3264394,0,10595,866.8854265905036,"[['40000002', 0, 1678796195.494026], ['50000009', 123, 1678796195.5695553]]","[['50000009', 0, 1678796195.3434322], ['40000002', 123, 1678796195.464108]]"
1678796196.9127433,1678796195.3873098,0,12731,1391.0565905329065,"[['40000002', 0, 1678796196.8213909], ['50000009', 123, 1678796196.9127433]]","[['50000009', 0, 1678796195.46311], ['40000002', 123, 1678796196.1210191]]"
1678796201.7475338,1678796195.4521372,0,14224,1647.288428582748,"[['40000002', 0, 1678796201.5644388], ['50000009', 123, 1678796201.7475338]]","[['50000009', 0, 1678796195.5246754], ['40000002', 123, 1678796197.006282]]"
1678796205.8472953,1678796195.5117095,0,15374,1868.475913819212,"[['40000002', 0, 1678796205.0410764], ['50000009', 123, 1678796205.8472953]]","[['50000009', 0, 1678796195.5705519], ['40000002', 123, 1678796200.4751968]]"
