record time,gener time,old,new,odas,back nodes and time,up nodes and time
1678796208.6886873,1678796195.922784,0,11800,1073.598105862648,"[['40000006', 0, 1678796208.437623], ['50000037', 103, 1678796208.6876895]]","[['50000037', 0, 1678796196.0136397], ['40000006', 103, 1678796202.806027]]"
1678796210.6495812,1678796196.0032036,0,13293,1605.1251745423372,"[['40000006', 0, 1678796210.5088456], ['50000037', 103, 1678796210.6495812]]","[['50000037', 0, 1678796196.0911214], ['40000006', 103, 1678796204.898742]]"
1678796211.2993572,1678796195.77146,0,14705,1646.6366322558777,"[['30000004', 0, 1678796196.3325562], ['40000006', 100, 1678796211.2561328], ['50000037', 103, 1678796211.2993572]]","[['50000037', 0, 1678796195.7874806], ['40000006', 103, 1678796196.1959195], ['30000004', 100, 1678796196.3195891]]"
1678796211.6068377,1678796195.843777,0,16113,2108.8297034326233,"[['30000004', 0, 1678796197.3711638], ['40000006', 100, 1678796211.55697], ['50000037', 103, 1678796211.6068377]]","[['50000037', 0, 1678796195.8628287], ['40000006', 103, 1678796197.0178583], ['30000004', 100, 1678796197.2484922]]"
