record time,gener time,old,new,odas,back nodes and time,up nodes and time
1678796196.746048,1678796195.416233,0,14539,1239.3160592334123,"[['40000002', 0, 1678796196.6849422], ['50000015', 136, 1678796196.746048]]","[['50000015', 0, 1678796195.464108], ['40000002', 136, 1678796195.9247777]]"
1678796197.7638235,1678796195.4511406,0,16035,1553.5335513003763,"[['40000002', 0, 1678796197.5453522], ['50000015', 136, 1678796197.7638235]]","[['50000015', 0, 1678796195.497018], ['40000002', 136, 1678796196.4572895]]"
1678796214.177151,1678796195.3873098,0,18070,2092.9266020150044,"[['20000002', 0, 1678796196.988663], ['30000003', 100, 1678796210.5387683], ['40000003', 140, 1678796213.846797], ['50000015', 144, 1678796214.177151]]","[['50000015', 0, 1678796195.433189], ['40000002', 136, 1678796196.3495095], ['30000002', 122, 1678796196.8975239], ['20000002', 126, 1678796196.9740164]]"
1678796217.9559934,1678796195.483055,0,19472,2440.6548095948137,"[['30000002', 0, 1678796217.7859914], ['40000003', 118, 1678796217.908577], ['50000015', 144, 1678796217.9559934]]","[['50000015', 0, 1678796195.5236769], ['40000002', 136, 1678796201.974925], ['30000002', 122, 1678796215.072285]]"
1678796232.786345,1678796195.5117095,0,21146,2780.752736167708,"[['20000002', 0, 1678796219.0305552], ['30000002', 126, 1678796232.647928], ['40000002', 122, 1678796232.755402], ['50000015', 136, 1678796232.786345]]","[['50000015', 0, 1678796195.5535982], ['40000002', 136, 1678796204.7411246], ['30000002', 122, 1678796218.8447664], ['20000002', 126, 1678796218.873425]]"
