record time,gener time,old,new,odas,back nodes and time,up nodes and time
1678796196.5477595,1678796195.7754502,0,10043,657.3360066811455,"[['40000006', 0, 1678796196.5317993], ['50000038', 113, 1678796196.5477595]]","[['50000038', 0, 1678796195.8295758], ['40000006', 113, 1678796196.1210191]]"
1678796202.9336622,1678796195.8777924,0,12616,1301.0448633171266,"[['40000006', 0, 1678796202.5077622], ['50000038', 113, 1678796202.9336622]]","[['50000038', 0, 1678796195.9389904], ['40000006', 113, 1678796198.5858862]]"
1678796207.8051715,1678796195.926773,0,13754,1801.4333140252272,"[['40000006', 0, 1678796207.3785963], ['50000038', 113, 1678796207.8051715]]","[['50000038', 0, 1678796195.983951], ['40000006', 113, 1678796201.4870281]]"
1678796209.3765876,1678796195.972594,0,14892,2127.165230056132,"[['40000006', 0, 1678796208.9509864], ['50000038', 113, 1678796209.3765876]]","[['50000038', 0, 1678796196.046219], ['40000006', 113, 1678796202.9356217]]"
1678796211.8935783,1678796195.8315704,0,16308,2673.0792208455014,"[['30000004', 0, 1678796200.1899734], ['40000006', 100, 1678796211.8464212], ['50000038', 113, 1678796211.8935783]]","[['50000038', 0, 1678796195.8907535], ['40000006', 113, 1678796198.5868602], ['30000004', 100, 1678796199.5169418]]"
