record time,gener time,old,new,odas,back nodes and time,up nodes and time
1678796207.8071654,1678796195.5695553,0,14893,596.1210423435577,"[['40000002', 0, 1678796207.17226], ['50000014', 117, 1678796207.8071654]]","[['50000014', 0, 1678796195.6154325], ['40000002', 117, 1678796203.3921502]]"
1678796211.3938136,1678796195.386313,0,16301,1252.7783048780077,"[['30000002', 0, 1678796196.4403355], ['40000003', 118, 1678796211.34623], ['50000014', 171, 1678796211.3938136]]","[['50000014', 0, 1678796195.4052632], ['40000002', 117, 1678796195.9379933], ['30000002', 122, 1678796196.3954551]]"
1678796214.891129,1678796195.4321907,0,17975,1846.8321847261784,"[['20000002', 0, 1678796198.6946306], ['30000003', 100, 1678796211.3003533], ['40000003', 140, 1678796214.5858893], ['50000014', 171, 1678796214.891129]]","[['50000014', 0, 1678796195.448148], ['40000002', 117, 1678796196.5158417], ['30000002', 122, 1678796197.6101792], ['20000002', 126, 1678796198.459458]]"
1678796217.6185994,1678796195.5256717,0,19391,1910.1486456139812,"[['30000002', 0, 1678796217.4606395], ['40000003', 118, 1678796217.6023822], ['50000014', 171, 1678796217.6185994]]","[['50000014', 0, 1678796195.5266697], ['40000002', 117, 1678796200.957621], ['30000002', 122, 1678796213.3583074]]"
