record time,gener time,old,new,odas,back nodes and time,up nodes and time
1678796195.602469,1678796195.4202228,0,10724,391.7217392261697,"[['40000003', 0, 1678796195.5715487], ['50000016', 123, 1678796195.6014707]]","[['50000016', 0, 1678796195.4361806], ['40000003', 123, 1678796195.5426269]]"
1678796196.6540563,1678796195.509714,0,15702,1435.9220827406702,"[['40000003', 0, 1678796196.6076672], ['50000016', 123, 1678796196.6540563]]","[['50000016', 0, 1678796195.556591], ['40000003', 123, 1678796196.0032036]]"
1678796198.4923685,1678796195.554595,0,17199,2123.3706478182744,"[['40000003', 0, 1678796198.2859197], ['50000016', 123, 1678796198.4923685]]","[['50000016', 0, 1678796195.6154325], ['40000003', 123, 1678796196.5947018]]"
1678796199.8131506,1678796195.6014707,0,18341,2647.0721141148147,"[['40000003', 0, 1678796199.0901473], ['50000016', 123, 1678796199.8131506]]","[['50000016', 0, 1678796195.663303], ['40000003', 123, 1678796196.7450516]]"
1678796212.5008092,1678796195.4661,0,19737,3219.359891885862,"[['30000002', 0, 1678796196.6699827], ['40000003', 118, 1678796212.4694808], ['50000016', 123, 1678796212.5008092]]","[['50000016', 0, 1678796195.5107112], ['40000003', 123, 1678796196.1359782], ['30000002', 118, 1678796196.517837]]"
