record time,gener time,old,new,odas,back nodes and time,up nodes and time
1678796196.1220162,1678796195.249643,0,12197,752.9299626159608,"[['40000001', 0, 1678796196.0901027], ['50000005', 117, 1678796196.1220162]]","[['50000005', 0, 1678796195.3104813], ['40000001', 117, 1678796195.6623065]]"
1678796196.4872105,1678796195.2955215,0,13693,1004.2213645921101,"[['40000001', 0, 1678796196.4572895], ['50000005', 117, 1678796196.4872105]]","[['50000005', 0, 1678796195.356358], ['40000001', 117, 1678796195.8173108]]"
1678796199.7014835,1678796195.386313,0,15534,1515.9101697451845,"[['40000001', 0, 1678796199.5169418], ['50000005', 117, 1678796199.7014835]]","[['50000005', 0, 1678796195.437178], ['40000001', 117, 1678796196.850588]]"
1678796213.4181483,1678796195.3423963,0,16950,1556.0642663410647,"[['30000001', 0, 1678796197.7647839], ['40000001', 100, 1678796212.90353], ['50000005', 117, 1678796213.4181483]]","[['50000005', 0, 1678796195.4022722], ['40000001', 117, 1678796197.2484922], ['30000001', 100, 1678796197.3751733]]"
1678796215.2298691,1678796195.433189,0,18626,1823.354631298784,"[['20000001', 0, 1678796212.000281], ['30000001', 102, 1678796212.8247402], ['40000001', 100, 1678796215.0088136], ['50000005', 117, 1678796215.2298691]]","[['50000005', 0, 1678796195.4950244], ['40000001', 117, 1678796202.2537708], ['30000001', 100, 1678796211.5240612], ['20000001', 102, 1678796211.9686646]]"
