record time,gener time,old,new,odas,back nodes and time,up nodes and time
1678796198.8691065,1678796195.3404362,0,16829,1113.3665409686048,"[['40000001', 0, 1678796198.7264874], ['50000007', 161, 1678796198.8691065]]","[['50000007', 0, 1678796195.4202228], ['40000001', 161, 1678796196.6550224]]"
1678796202.4610918,1678796195.4032686,0,19035,1461.9551937747424,"[['40000001', 0, 1678796202.114145], ['50000007', 161, 1678796202.4610918]]","[['50000007', 0, 1678796195.464108], ['40000001', 161, 1678796198.5100648]]"
1678796205.0739915,1678796195.4661,0,20169,1875.235407826638,"[['40000001', 0, 1678796204.4892218], ['50000007', 161, 1678796205.0739915]]","[['50000007', 0, 1678796195.5266697], ['40000001', 161, 1678796199.8111567]]"
1678796207.156268,1678796195.5236769,0,21311,2097.031468947012,"[['40000001', 0, 1678796206.8413951], ['50000007', 161, 1678796207.156268]]","[['50000007', 0, 1678796195.58651], ['40000001', 161, 1678796200.7691245]]"
1678796213.9387755,1678796195.294524,0,22705,2374.14689799499,"[['30000001', 0, 1678796196.6086643], ['40000001', 100, 1678796213.703167], ['50000007', 161, 1678796213.9387755]]","[['50000007', 0, 1678796195.3573925], ['40000001', 161, 1678796196.4991775], ['30000001', 100, 1678796196.59373]]"
1678796233.3984668,1678796195.5875065,0,24395,2479.467298552005,"[['20000001', 0, 1678796222.8658369], ['30000002', 153, 1678796233.2629519], ['40000002', 122, 1678796233.3519528], ['50000007', 171, 1678796233.3984668]]","[['50000007', 0, 1678796195.6473467], ['40000001', 161, 1678796207.7244227], ['30000001', 100, 1678796212.1187267], ['20000001', 102, 1678796222.8229508]]"
