record time,gener time,old,new,odas,back nodes and time,up nodes and time
1678796196.4413328,1678796195.6473467,0,14773,1273.2676376131453,"[['40000004', 0, 1678796196.4084225], ['50000026', 117, 1678796196.4403355]]","[['50000026', 0, 1678796195.6613116], ['40000004', 117, 1678796195.9247777]]"
1678796197.0480611,1678796195.7099183,0,16633,1600.7966376992667,"[['40000004', 0, 1678796196.956685], ['50000026', 117, 1678796197.0480611]]","[['50000026', 0, 1678796195.7212784], ['40000004', 117, 1678796196.3046658]]"
1678796200.5866034,1678796195.7754502,0,17765,1681.03188388632,"[['40000004', 0, 1678796200.428301], ['50000026', 117, 1678796200.5866034]]","[['50000026', 0, 1678796195.843777], ['40000004', 117, 1678796196.899519]]"
1678796201.915088,1678796195.8325667,0,18913,1818.5763574364987,"[['40000004', 0, 1678796201.412229], ['50000026', 117, 1678796201.915088]]","[['50000026', 0, 1678796195.9077666], ['40000004', 117, 1678796197.1706998]]"
1678796210.4492395,1678796195.584515,0,20319,2368.760930198862,"[['30000003', 0, 1678796195.9735913], ['40000004', 100, 1678796210.132292], ['50000026', 117, 1678796210.4492395]]","[['50000026', 0, 1678796195.6014707], ['40000004', 117, 1678796195.926773], ['30000003', 100, 1678796195.9575682]]"
