record time,gener time,old,new,odas,back nodes and time,up nodes and time
1678796196.3345494,1678796195.417231,0,13892,1471.5891794763852,"[['40000002', 0, 1678796196.3016393], ['50000011', 101, 1678796196.3345494]]","[['50000011', 0, 1678796195.4361806], ['40000002', 101, 1678796195.7744524]]"
1678796203.4250622,1678796195.5396442,0,15385,1861.9248380981596,"[['40000002', 0, 1678796202.745132], ['50000011', 101, 1678796203.4250622]]","[['50000011', 0, 1678796195.5416298], ['40000002', 101, 1678796197.985264]]"
1678796208.7305763,1678796195.6004732,0,16525,2406.0824776955446,"[['40000002', 0, 1678796208.466546], ['50000011', 101, 1678796208.7305763]]","[['50000011', 0, 1678796195.6812553], ['40000002', 101, 1678796206.2110925]]"
1678796212.0618834,1678796195.5426269,0,17927,2601.997791155994,"[['30000002', 0, 1678796211.8484154], ['40000002', 122, 1678796212.031941], ['50000011', 101, 1678796212.0618834]]","[['50000019', 0, 1678796195.58651], ['40000003', 100, 1678796196.851585], ['30000002', 118, 1678796210.6505785]]"
1678796231.926734,1678796195.4780674,0,19613,3377.041269015894,"[['20000002', 0, 1678796212.3631878], ['30000002', 126, 1678796231.7719173], ['40000002', 122, 1678796231.8644626], ['50000011', 101, 1678796231.926734]]","[['50000011', 0, 1678796195.4920335], ['40000002', 101, 1678796197.2455347], ['30000002', 122, 1678796212.1685758], ['20000002', 126, 1678796212.3488486]]"
